group,cohort_group,graduates,children_in_group,children_in_cohort,graduates_per_100_children,completion_rate
Less advantaged children,1972 or earlier,9,478,591,1.5228426395939085,0.01882845188284519
Less advantaged children,1973–1980,42,626,739,5.683355886332882,0.0670926517571885
Less advantaged children,1981–1984,80,452,526,15.209125475285171,0.17699115044247787
Less advantaged children,1985–1988,162,743,900,18.0,0.2180349932705249
Less advantaged children,1989–1997,406,1482,1780,22.808988764044944,0.2739541160593792
Advantaged children,1972 or earlier,13,113,591,2.1996615905245345,0.11504424778761062
Advantaged children,1973–1980,26,113,739,3.5182679296346415,0.23008849557522124
Advantaged children,1981–1984,31,74,526,5.893536121673004,0.4189189189189189
Advantaged children,1985–1988,83,157,900,9.222222222222221,0.5286624203821656
Advantaged children,1989–1997,153,298,1780,8.595505617977528,0.5134228187919463
Less advantaged children,born 1980 or earlier,51,1104,1330,3.8345864661654137,0.04619565217391304
Less advantaged children,born 1981 or later,648,2677,3206,20.212102308172177,0.24206200971236458
Advantaged children,born 1980 or earlier,39,226,1330,2.9323308270676693,0.17256637168141592
Advantaged children,born 1981 or later,267,529,3206,8.328134747348722,0.504725897920605
