item,value,se,p_wild
"college completion, advantaged children, born 1980 or earlier",0.17256637168141592,,
"college completion, less advantaged children, born 1980 or earlier",0.04619565217391304,,
"completion gap in percentage points, born 1980 or earlier",12.63707195075029,,
"completion ratio, born 1980 or earlier",3.7355543987506508,,
"less advantaged share of graduates, born 1980 or earlier",0.5666666666666667,,
"college completion, advantaged children, born 1981 or later",0.504725897920605,,
"college completion, less advantaged children, born 1981 or later",0.24206200971236458,,
"completion gap in percentage points, born 1981 or later",26.266388820824037,,
"completion ratio, born 1981 or later",2.0851099208849684,,
"less advantaged share of graduates, born 1981 or later",0.7081967213114754,,
less advantaged share of the added graduates,0.7521827640805248,,
less advantaged share of children,0.8335537918871252,,
"rise in completion, advantaged children, percentage points",33.2159526239189,,
"rise in completion, less advantaged children, percentage points",19.586635753845155,,
reduced form of urban residence on the instrument,0.006122829638117177,0.02249129119558317,0.8053
"share of the instrument's variance, net of province effects, within birth cohorts",0.14125226768324467,,
"difference in the instrument, 25th to 75th percentile of intensity, born 1989 or later",0.7990651217017626,,
effect on completion of that difference,0.14878849765808308,,
provinces,29.0,,
provinces with fewer than twenty advantaged children,23.0,,
