sample,variable,advantaged_mean,advantaged_sd,less_advantaged_mean,less_advantaged_sd
all children,Mean log labor income,10.660350982131607,0.6463142145528781,10.451865620703574,0.6516178358554503
all children,Log family income of the parental household,10.988792230422744,0.7681019277285497,10.555828746303744,0.7408562889954087
all children,Years of schooling,13.7682119205298,3.075193182798234,11.558582385612272,3.636756578755026
all children,College (16 or more years),0.4052980132450331,0.4912750799437801,0.1848717270563343,0.38824481680314105
all children,Female,0.3615894039735099,0.48077922592241357,0.2724147051044697,0.4452610118963159
all children,Urban (first wave),0.7615894039735099,0.42639394232567635,0.5482676540597725,0.49773060464208607
all children,Age over the waves,34.16512141280353,8.616830577282368,34.11928942960416,8.177439019572354
all children,Birth year,1984.358940397351,9.034103317343241,1984.4252843163185,8.456332632555544
all children,Waves with labor income,2.810596026490066,0.8446392287684988,2.791060565987834,0.8317346327049369
level at 30 and over,Mean log labor income,10.672031725175197,0.6428478719849859,10.476857047079484,0.643533962990257
level at 30 and over,Log family income of the parental household,11.055405405310536,0.7490254936270614,10.582668708718089,0.7861414543219035
level at 30 and over,Years of schooling,13.196467991169978,3.317129833029197,10.743214131839725,3.695929472393047
level at 30 and over,College (16 or more years),0.3355408388520971,0.47270122019290306,0.14002585092632486,0.347088629276187
level at 30 and over,Female,0.30022075055187636,0.4588605981194244,0.19603619129685482,0.3970817757347369
level at 30 and over,Urban (first wave),0.7726269315673289,0.4195988759597841,0.5553640672124085,0.4970324511378871
level at 30 and over,Age over the waves,39.697792494481234,6.974296204971722,39.19900186701135,6.574350089847399
level at 30 and over,Birth year,1979.0529801324503,7.730345971722402,1979.642826367945,7.2248643663150585
level at 30 and over,Waves with labor income,2.746136865342163,0.8225335072852438,2.7005601034037054,0.7994850907220695
