sample,run,average_persistence
pooled,0,0.48738822710413005
pooled,1,0.46986149186495757
pooled,2,0.5404760675901945
pooled,3,0.4513808162645858
pooled,4,0.421688383365463
pooled,5,0.47382628146185946
pooled,6,0.4952341196995674
pooled,7,0.47690985765940824
pooled,8,0.5337609509398358
pooled,9,0.4322583353910904
advantaged children,0,0.5621171561430911
advantaged children,1,0.5490510328481926
advantaged children,2,0.5287992605575184
advantaged children,3,0.524801721893272
advantaged children,4,0.5361866352810762
advantaged children,5,0.5250833248466316
advantaged children,6,0.5183239389193202
advantaged children,7,0.5282384156228659
advantaged children,8,0.5326033067040765
advantaged children,9,0.5251995870704027
less advantaged children,0,0.47197984562086176
less advantaged children,1,0.4611862094900565
less advantaged children,2,0.4538945145608316
less advantaged children,3,0.46068044487134857
less advantaged children,4,0.3993005999240121
less advantaged children,5,0.4582701413507535
less advantaged children,6,0.4081544222478023
less advantaged children,7,0.4867849317284201
less advantaged children,8,0.43013245619422347
less advantaged children,9,0.4832914017050618
