respondents,wave,n,variance_of_log_income
all respondents aged 22 to 55 with positive income,2010,17220,2.255687586058646
all respondents aged 22 to 55 with positive income,2012,12371,1.366524000985295
all respondents aged 22 to 55 with positive income,2014,7721,0.8710706487621659
all respondents aged 22 to 55 with positive income,2016,5249,1.0371573916147596
all respondents aged 22 to 55 with positive income,2018,9724,0.8497792369677752
all respondents aged 22 to 55 with positive income,2020,8577,0.9285459924005377
all respondents aged 22 to 55 with positive income,2022,8396,0.9754579680239166
"children of the paper's sample, waves at ages 22 to 55 with positive income",2010,1581,1.2633904844475234
"children of the paper's sample, waves at ages 22 to 55 with positive income",2012,2014,0.8670873313915237
"children of the paper's sample, waves at ages 22 to 55 with positive income",2014,1976,0.6540140485236658
"children of the paper's sample, waves at ages 22 to 55 with positive income",2016,1571,0.8596695267716217
"children of the paper's sample, waves at ages 22 to 55 with positive income",2018,3263,0.6184716512786919
"children of the paper's sample, waves at ages 22 to 55 with positive income",2020,3219,0.6985427326001045
"children of the paper's sample, waves at ages 22 to 55 with positive income",2022,2982,0.6856776808307045
