birth_year,year,recruitment_M,projected_M,exposure_ratio,children
1964,1982,0.3149999976158142,0.2467382487671443,1.2766565345654657,30
1965,1983,0.3910000026226043,0.2956450459707014,1.3225318940786606,45
1966,1984,0.4749999940395355,0.3445518431742727,1.3786023887246563,29
1967,1985,0.6190000176429749,0.3934586403778439,1.573227663900176,37
1968,1986,0.5720000267028809,0.4423654375814152,1.2930486383163853,89
1969,1987,0.6169999837875366,0.4912722347849865,1.255922765628261,59
1970,1988,0.6700000166893005,0.5401790319885578,1.2403295518947368,79
1971,1989,0.597000002861023,0.589085829192129,1.013434669918554,86
1972,1990,0.609000027179718,0.6379926263956861,0.9545565293132608,99
1973,1991,0.6190000176429749,0.6868994235992574,0.901150876498776,97
1974,1992,0.7540000081062317,0.7358062208028286,1.0247263298257414,67
1975,1993,0.9240000247955322,0.7847130180063999,1.1775005684791586,86
1976,1994,0.8999999761581421,0.8336198152099712,1.0796288184817813,94
1977,1995,0.9259999990463256,0.8825266124135425,1.049260142437962,83
1978,1996,0.965999960899353,0.9314334096171136,1.03711113529463,106
1979,1997,1.0,0.9803402068206708,1.0200540516879213,110
1980,1998,1.0830000638961792,1.029247004024242,1.052225617040194,96
1981,1999,1.548999905586243,1.0781538012278131,1.4367151549456345,121
1982,2000,2.2060000896453857,1.1270605984313846,1.9573038865129728,139
1983,2001,2.682999849319458,1.175967395634956,2.2815257117488277,137
1984,2002,3.2049999237060547,1.2248741928385272,2.616595191934592,129
1985,2003,3.822000026702881,1.2737809900420984,3.000515831671003,175
1986,2004,4.4730000495910645,1.3226877872456555,3.3817504725779393,202
1987,2005,5.045000076293945,1.3715945844492268,3.678200638507041,265
1988,2006,5.460999965667725,1.420501381652798,3.844417215077735,258
1989,2007,5.659000396728516,1.469408178856369,3.8512106289845742,276
1990,2008,6.077000141143799,1.5183149760599406,4.00246341303551,263
1991,2009,6.394999980926514,1.567221773263512,4.080469075930367,230
1992,2010,6.618000030517578,1.6161285704670831,4.094971248856077,217
1993,2011,6.815000057220459,1.6650353676706402,4.093006184459939,185
1994,2012,6.888000011444092,1.7139421648742117,4.018805390641411,203
1995,2013,6.997999668121338,1.7628489620777827,3.969710292067871,165
1996,2014,7.214000225067139,1.811755759281354,3.98177303320875,146
1997,2015,7.377999782562256,1.8606625564849253,3.965254074065112,95
