provcd,province_en,int_placebo_log_1998_1997,pro_predict_growth,flow_per_worker,log_growth_implied,hs2000
31,Shanghai,0.1367869332134969,0.9724845886230468,0.20889272054951422,0.679293959478118,0.4504266110291249
12,Tianjin,0.194409378742394,0.9543048739433287,0.14932413154998475,0.6700345608309588,0.4168805978663928
54,Tibet,0.0947158261464123,0.8762741684913635,0.009100194348966355,0.629287984269983,0.0892440073755378
11,Beijing,0.2919508536376459,0.7456198930740356,0.2379868131893747,0.5571097309631088,0.5240330274526331
22,Jilin,0.1132699881873843,0.7306797504425049,0.06501181426620876,0.5485142404356909,0.2913391367282523
42,Hubei,0.2166443729400618,0.706752359867096,0.04436556130973108,0.5345923638298148,0.2524780462066106
61,Shaanxi,0.0797604378114115,0.6831445097923279,0.054068938469336435,0.5206637860155348,0.2443446813817184
21,Liaoning,0.1712648205190799,0.6759377121925354,0.07115203404788495,0.5163728537737419,0.2575874996062124
51,Sichuan,-0.1534437113303307,0.5755135416984558,0.02917353905503098,0.4545812901292775,0.1627553329341889
36,Jiangxi,0.0869921440438889,0.5412494540214539,0.031237131815475567,0.4325934048030386,0.190789201017896
34,Anhui,0.1394502450502977,0.5344125628471375,0.027581303605760863,0.4281475937607198,0.1402985686328753
43,Hunan,0.0549347660581162,0.5046005845069885,0.02925843857686117,0.4085274750932217,0.206743497516455
23,Heilongjiang,0.0799919083461086,0.5039539337158203,0.050271419354738174,0.4080975835881427,0.2760934357152295
33,Zhejiang,0.12640108587148,0.4757320880889892,0.03121125351744331,0.3891542031253956,0.181796667109205
32,Jiangsu,0.1432630606115814,0.4688978195190429,0.035576752132031216,0.3845123282872791,0.2409678849489379
14,Shanxi,0.0900180512891567,0.467546135187149,0.03885717235786334,0.3835917041050115,0.239840244819627
52,Guizhou,0.04084082850807,0.4375218749046325,0.019754466359628225,0.3629207201542728,0.127262906783094
53,Yunnan,0.0803637933740677,0.410127729177475,0.015931474227490104,0.3436802835175729,0.131422634467768
35,Fujian,0.0909749659901367,0.4066186547279358,0.02761953385010311,0.341188713547734,0.18604850238403
62,Gansu,0.034370942253454,0.4058334231376648,0.0231724457382819,0.3406303084359026,0.195986030580492
37,Shandong,0.111814132765334,0.3820573091506958,0.020289402811618316,0.3235731951692043,0.2050266009610669
13,Hebei,0.2095011241173019,0.37165567278862,0.022517589775367622,0.3160185322567514,0.1969220803095427
45,Guangxi,0.0674960958778905,0.370088517665863,0.020548853468186516,0.3148753415604624,0.200498704999666
41,Henan,0.0723457569917238,0.3478269279003143,0.01906034330553245,0.2984936146425364,0.192323976664889
15,InnerMongolia,0.0820873139809309,0.3128072619438171,0.03281795026107791,0.2721677898360983,0.2647549368439779
63,Qinghai,0.0574231812433329,0.3116178810596466,0.03180791201263533,0.2712613925453097,0.2266284074605452
44,Guangdong,0.1809667590094265,0.2800870239734649,0.020750998120988046,0.2469280607056228,0.2481367905595247
64,Ningxia,0.0933545011075713,0.2662872672080993,0.029366748718024385,0.236089197051392,0.2472539079002957
65,Xinjiang,0.1785826139965685,0.2405195981264114,0.030370710423185093,0.2155303168541854,0.2900748043908171
