sample,t,s,children,moment
pooled,2014,2014,1319,0.49432278042302735
pooled,2014,2016,395,0.11581073020514569
pooled,2014,2018,1098,0.11968750920188365
pooled,2014,2020,1012,0.111357694557018
pooled,2014,2022,948,0.10962253881889045
pooled,2016,2016,1049,0.582078631395426
pooled,2016,2018,855,0.15178130219252872
pooled,2016,2020,755,0.15116732758385282
pooled,2016,2022,738,0.13825910480421208
pooled,2018,2018,2197,0.4250948090131812
pooled,2018,2020,1786,0.18391304657988214
pooled,2018,2022,1700,0.15012235932312462
pooled,2020,2020,2083,0.459670316069853
pooled,2020,2022,1648,0.1958423992359064
pooled,2022,2022,2001,0.40867663545722477
advantaged children,2014,2014,244,0.466492077377074
advantaged children,2014,2016,54,0.21265213476505987
advantaged children,2014,2018,203,0.09966262059332182
advantaged children,2014,2020,189,0.124187875901171
advantaged children,2014,2022,189,0.06561564960766693
advantaged children,2016,2016,151,0.485442395439011
advantaged children,2016,2018,118,0.15423986614669236
advantaged children,2016,2020,113,0.11889305842111485
advantaged children,2016,2022,112,0.0733354831722307
advantaged children,2018,2018,361,0.39876913030476113
advantaged children,2018,2020,303,0.1741290063294716
advantaged children,2018,2022,288,0.15173268381989835
advantaged children,2020,2020,353,0.4438583311651995
advantaged children,2020,2022,286,0.23846002035638297
advantaged children,2022,2022,343,0.431922250569923
ordinary children,2014,2014,1075,0.4999183248231972
ordinary children,2014,2016,341,0.09935275664611669
ordinary children,2014,2018,895,0.12251091459677906
ordinary children,2014,2020,823,0.1064873147963166
ordinary children,2014,2022,759,0.11967115911769927
ordinary children,2016,2016,898,0.5950625672805598
ordinary children,2016,2018,737,0.1474255182151503
ordinary children,2016,2020,642,0.15312830109060518
ordinary children,2016,2022,626,0.1467075981707683
ordinary children,2018,2018,1836,0.4265519476108004
ordinary children,2018,2020,1483,0.1814615595875561
ordinary children,2018,2022,1412,0.1465521448265967
ordinary children,2020,2020,1730,0.45796834429012034
ordinary children,2020,2022,1362,0.18336137727749213
ordinary children,2022,2022,1658,0.40070966859206003
