specification,estimator,estimate,se,p,lo,hi,observations,children,advantaged,source,income_coef,income_se,income_p,children_coded_differently_from_baseline,party_share_advantaged,party_share_ordinary,state_share_advantaged,state_share_ordinary,share_of_children_in_subsample,in_figure_2
baseline: family income of the parental household,Correlated random effects,0.08781550359105444,0.02851608567595448,0.0020734305507170785,0.031923975666183664,0.14370703151592523,7512.0,2774,453,,0.22223480786130254,0.01566436697970841,1.0983224068980121e-45,,,,,,,True
parents' own labor income as the income control,Correlated random effects,0.15335032665055057,0.03367784544128051,5.277365614782874e-06,0.08734174958564077,0.21935890371546035,5866.0,2185,375,,0.031410215193644585,0.010960830661240123,0.004161167949456058,,,,,,,True
no income control (not in Figure 2),Correlated random effects,0.16324698160936923,0.02941020519648378,2.845415155096583e-08,0.10560297942426103,0.22089098379447744,7512.0,2774,453,,,,,,,,,,,False
income deflated by the provincial consumer price index,Correlated random effects,0.0879647126518417,0.028516375685958086,0.002037515927594864,0.03207261630736386,0.14385680899631956,7512.0,2774,453,,0.222231535164414,0.015664923975992243,1.1095497717032897e-45,,,,,,,True
three regions in place of province effects,Correlated random effects,0.0805990535658734,0.02919838978481969,0.0057731728128794495,0.023370209587626804,0.13782789754411998,7512.0,2774,453,,0.267847891745732,0.015334159934698641,2.538038795051311e-68,,,,,,,True
children recorded as urban in most of their waves,Correlated random effects,0.11281785924457867,0.0322742236102483,0.00047299260967304077,0.049560380968491996,0.17607533752066534,4515.0,1623,354,,0.19394319822344694,0.01918956915099233,5.159344204643686e-24,,,,,,,True
children recorded as rural in most of their waves,Correlated random effects,-0.002434643989167545,0.06099796782857854,0.9681620673212238,-0.12199066093318148,0.1171213729548464,2997.0,1151,99,,0.2599388819595929,0.02739531424111818,2.3451038500057684e-21,,,,,,,True
indicator from the occupations the parents hold during 2010 to 2022 (not in Figure 2),Correlated random effects,0.04867439900344039,0.044292361372617446,0.271796686155781,-0.038138629286889804,0.13548742729377058,6010.0,2234,203,,0.21575398842238633,0.017975456425428558,3.43896900461488e-33,,,,,,,False
"parental income from the 2010 and 2012 waves, before the earnings window",Correlated random effects,0.10724069124057324,0.030586160232251813,0.00045458165692782406,0.047291817185359686,0.1671895652957868,6883.0,2550,414,,0.1301049497451448,0.013504488578724138,5.7336619939998745e-22,,,,,,,True
parental income from waves with the child aged 40 or less,Correlated random effects,0.07004313371553515,0.03142526795829325,0.025821927303637863,0.008449608517280383,0.13163665891378992,6387.0,2353,369,,0.18921589027625474,0.017228016274303586,4.611695701200299e-28,,,,,,,True
parental income from waves with the child aged 35 or less,Correlated random effects,0.06700525291128079,0.034684556776555776,0.053378407433539735,-0.0009764783707685298,0.1349869841933301,5245.0,1957,305,,0.17531058712286154,0.017642942546248232,2.885517973109557e-23,,,,,,,True
most frequent retrospective report of parental occupation,Correlated random effects,0.08781550359105444,0.02851608567595448,0.0020734305507170785,0.031923975666183664,0.14370703151592523,7512.0,2774,453,,0.22223480786130254,0.01566436697970841,1.0983224068980121e-45,0.0,,,,,,True
indicator widened to CSCO major groups 1 to 3,Correlated random effects,0.06063775399187682,0.027080236948994474,0.0251436565785879,0.007560489571847649,0.11371501841190598,7512.0,2774,558,,0.223015994157936,0.01573774380746101,1.3896251294655629e-45,,,,,,,True
indicator narrowed to CSCO major group 1,Correlated random effects,0.05731064933517626,0.03976044920199563,0.14947215158987476,-0.020619831100735182,0.1352411297710877,7512.0,2774,238,,0.2282141354280664,0.015497617378621908,4.405142188758672e-49,,,,,,,True
occupation indicator before party membership is added (not in Figure 2),"Cross-section, one observation per child",0.07649438975668951,0.029680263213901218,0.009958085124659849,0.018321073857443124,0.1346677056559359,2766.0,2766,452,children with a report of parental party membership,,,,,,,,,,False
parental party membership added (cross-section),"Cross-section, one observation per child",0.0695248785559435,0.030667598731079555,0.023387372937212273,0.009416385043027574,0.12963337206885941,2766.0,2766,452,,,,,,,,,,,True
party membership coefficient with occupation and income (not in Figure 2),"Cross-section, one observation per child",0.026023578113599604,0.02696418244828193,0.33448644998286925,-0.026826219485032974,0.07887337571223219,2766.0,2766,452,,,,,,,,,,,False
parental party membership in place of the occupation indicator (not in Figure 2),"Cross-section, one observation per child",0.04165096422216099,0.026123011492632398,0.11084274777500519,-0.009550138303398507,0.09285206674772048,2766.0,2766,452,,,,,,0.4469026548672566,0.14606741573033707,,,,False
parental state-sector employment alone (not in Figure 2),"Cross-section, one observation per child",0.0481966878514746,0.04476717488712656,0.2816555362263612,-0.03954697492729345,0.13594035063024265,937.0,937,201,children with a parent working in 2012,,,,,,,0.417910447761194,0.16847826086956522,,False
"occupation indicator alone, children with a parent working in 2012 (not in Figure 2)","Cross-section, one observation per child",0.08340153649152124,0.04652742450557268,0.07304902902279771,-0.007792215539401209,0.1745952885224437,937.0,937,201,children with a parent working in 2012,,,,,,,,,,False
parental state-sector employment added (cross-section),"Cross-section, one observation per child",0.07734628191102279,0.04774715553110508,0.10525076911171392,-0.016238142929943175,0.17093070675198874,937.0,937,201,,,,,,,,,,0.3377793799567412,True
state-sector employment coefficient with occupation and income (not in Figure 2),"Cross-section, one observation per child",0.03480249668721627,0.04592355935000163,0.4485495568979355,-0.05520767963878692,0.12481267301321947,937.0,937,201,,,,,,,,,,,False
entropy balancing,Entropy balancing,0.07206369740016783,,,0.011483731635225205,0.1323516623691876,,2774,453,bootstrap percentile interval,,,,,,,,,,True
