group,b,p_wild
all children,-6.0,0.0156
all children,-5.95,0.0154
all children,-5.9,0.0154
all children,-5.85,0.0152
all children,-5.8,0.0151
all children,-5.75,0.015
all children,-5.7,0.015
all children,-5.65,0.0149
all children,-5.6,0.0148
all children,-5.55,0.0148
all children,-5.5,0.0147
all children,-5.45,0.0146
all children,-5.4,0.0146
all children,-5.35,0.0145
all children,-5.3,0.0144
all children,-5.25,0.0144
all children,-5.2,0.0143
all children,-5.15,0.0143
all children,-5.1,0.0143
all children,-5.05,0.0142
all children,-5.0,0.0141
all children,-4.95,0.014
all children,-4.9,0.0138
all children,-4.85,0.0137
all children,-4.8,0.0136
all children,-4.75,0.0135
all children,-4.7,0.0135
all children,-4.65,0.0134
all children,-4.6,0.0134
all children,-4.55,0.0133
all children,-4.5,0.0132
all children,-4.45,0.0131
all children,-4.4,0.0131
all children,-4.35,0.0131
all children,-4.3,0.013
all children,-4.25,0.013
all children,-4.2,0.013
all children,-4.15,0.0129
all children,-4.1,0.0127
all children,-4.05,0.0125
all children,-4.0,0.0124
all children,-3.95,0.0124
all children,-3.9,0.0123
all children,-3.85,0.0122
all children,-3.8,0.0121
all children,-3.75,0.012
all children,-3.7,0.012
all children,-3.65,0.012
all children,-3.6,0.0119
all children,-3.55,0.0117
all children,-3.5,0.0116
all children,-3.45,0.0115
all children,-3.4,0.0115
all children,-3.35,0.0112
all children,-3.3,0.0112
all children,-3.25,0.0112
all children,-3.2,0.0112
all children,-3.15,0.011
all children,-3.1,0.0109
all children,-3.05,0.0107
all children,-3.0,0.0105
all children,-2.95,0.0105
all children,-2.9,0.0105
all children,-2.85,0.0105
all children,-2.8,0.0104
all children,-2.75,0.0103
all children,-2.7,0.0101
all children,-2.65,0.0099
all children,-2.6,0.0098
all children,-2.55,0.0098
all children,-2.5,0.0096
all children,-2.45,0.0095
all children,-2.4,0.0095
all children,-2.35,0.0095
all children,-2.3,0.0095
all children,-2.25,0.0092
all children,-2.2,0.0091
all children,-2.15,0.0087
all children,-2.1,0.0083
all children,-2.05,0.008
all children,-2.0,0.0078
all children,-1.95,0.0078
all children,-1.9,0.0076
all children,-1.85,0.0076
all children,-1.8,0.0075
all children,-1.75,0.0075
all children,-1.7,0.007
all children,-1.65,0.0069
all children,-1.6,0.0068
all children,-1.55,0.0066
all children,-1.5,0.0066
all children,-1.45,0.0063
all children,-1.4,0.006
all children,-1.35,0.0059
all children,-1.3,0.0056
all children,-1.25,0.0053
all children,-1.2,0.0052
all children,-1.15,0.0051
all children,-1.1,0.0051
all children,-1.05,0.0047
all children,-1.0,0.0046
all children,-0.95,0.0044
all children,-0.9,0.0044
all children,-0.85,0.0043
all children,-0.8,0.0041
all children,-0.75,0.004
all children,-0.7,0.0039
all children,-0.65,0.0039
all children,-0.6,0.0035
all children,-0.55,0.0033
all children,-0.5,0.0032
all children,-0.45,0.0031
all children,-0.4,0.003
all children,-0.35,0.0025
all children,-0.3,0.0024
all children,-0.25,0.0021
all children,-0.2,0.0018
all children,-0.15,0.0015
all children,-0.1,0.0011
all children,-0.05,0.0015
all children,-0.0,0.0013
all children,0.05,0.0012
all children,0.1,0.0014
all children,0.15,0.0019
all children,0.2,0.0032
all children,0.25,0.0056
all children,0.3,0.0101
all children,0.35,0.017
all children,0.4,0.0241
all children,0.45,0.0313
all children,0.5,0.0564
all children,0.55,0.227
all children,0.6,0.5197
all children,0.65,0.8246
all children,0.7,0.951
all children,0.75,0.8367
all children,0.8,0.7731
all children,0.85,0.7119
all children,0.9,0.6549
all children,0.95,0.5958
all children,1.0,0.5391
all children,1.05,0.491
all children,1.1,0.4408
all children,1.15,0.4007
all children,1.2,0.3627
all children,1.25,0.3285
all children,1.3,0.2995
all children,1.35,0.2754
all children,1.4,0.256
all children,1.45,0.2414
all children,1.5,0.2268
all children,1.55,0.2135
all children,1.6,0.1993
all children,1.65,0.1882
all children,1.7,0.1774
all children,1.75,0.1671
all children,1.8,0.1567
all children,1.85,0.1488
all children,1.9,0.1409
all children,1.95,0.133
all children,2.0,0.1268
all children,2.05,0.1217
all children,2.1,0.1165
all children,2.15,0.1119
all children,2.2,0.1076
all children,2.25,0.1037
all children,2.3,0.1002
all children,2.35,0.0958
all children,2.4,0.0926
all children,2.45,0.0891
all children,2.5,0.0865
all children,2.55,0.0841
all children,2.6,0.082
all children,2.65,0.0801
all children,2.7,0.0773
all children,2.75,0.0749
all children,2.8,0.073
all children,2.85,0.0717
all children,2.9,0.0699
all children,2.95,0.0681
all children,3.0,0.0675
all children,3.05,0.0664
all children,3.1,0.0652
all children,3.15,0.0639
all children,3.2,0.0625
all children,3.25,0.0611
all children,3.3,0.0603
all children,3.35,0.0597
all children,3.4,0.0592
all children,3.45,0.0585
all children,3.5,0.058
all children,3.55,0.0577
all children,3.6,0.0565
all children,3.65,0.0559
all children,3.7,0.0553
all children,3.75,0.055
all children,3.8,0.0546
all children,3.85,0.0539
all children,3.9,0.0534
all children,3.95,0.0524
all children,4.0,0.0522
all children,4.05,0.0517
all children,4.1,0.0514
all children,4.15,0.0507
all children,4.2,0.0503
all children,4.25,0.0496
all children,4.3,0.0492
all children,4.35,0.0486
all children,4.4,0.0484
all children,4.45,0.048
all children,4.5,0.0476
all children,4.55,0.0473
all children,4.6,0.047
all children,4.65,0.0466
all children,4.7,0.046
all children,4.75,0.0459
all children,4.8,0.0457
all children,4.85,0.0456
all children,4.9,0.0451
all children,4.95,0.0446
all children,5.0,0.0442
all children,5.05,0.0441
all children,5.1,0.0438
all children,5.15,0.0436
all children,5.2,0.0436
all children,5.25,0.0432
all children,5.3,0.043
all children,5.35,0.0427
all children,5.4,0.0423
all children,5.45,0.0421
all children,5.5,0.042
all children,5.55,0.0418
all children,5.6,0.0412
all children,5.65,0.0412
all children,5.7,0.0411
all children,5.75,0.041
all children,5.8,0.0409
all children,5.85,0.0409
all children,5.9,0.0406
all children,5.95,0.0405
all children,6.0,0.04
