item,value,se
children,4536,
advantaged children,755,
child-waves,12675,
waves per child,2.7943121693121693,
children with a row,4536,
rows at 30 and over,2774,
advantaged rows at 30 and over,453,
rows below 30,2343,
"waves behind a row at 30 and over, mean",2.708002883922134,
children born 1981 or later,3206,
"rows at 30 and over, born 1981 or later",1444,
birth years,1961-1997,
birth years of the rows at 30 and over,1961-1996,
provinces,29,
"college completion, advantaged children, born 1980 or earlier",0.17256637168141592,
"college completion, advantaged children, born 1981 or later",0.504725897920605,
advantaged children born 1980 or earlier,226,
"college completion, ordinary children, born 1980 or earlier",0.04619565217391304,
"college completion, ordinary children, born 1981 or later",0.24206200971236458,
ordinary children born 1980 or earlier,1104,
least squares return to college,0.449068904595494,0.037894725367966946
least squares return to college below 30,0.23728187334576945,0.02627685059602003
"provincial intensity, 25th percentile of children",0.370088517665863,
"provincial intensity, 75th percentile of children",0.5755135416984558,
"mean exposure ratio, born 1989 or later",4.004922750671343,
difference in the instrument,0.8227113523053385,
"mean exposure ratio, born 1980 or earlier",1.1111351135421157,
difference in the instrument created by the reform,0.5944563949024916,
