check,n,rows_old,coef,se,p_wild,F,iv,changed,with_report
"earnings, children with 9 or fewer years of schooling",1811.0,1378.0,-0.02816524360991214,0.09688847620158707,0.8082,,,,
"professional occupation, children with 9 or fewer years of schooling",1809.0,,0.027451964531257707,0.0197886327596111,0.2504,,,,
"earnings, children with 12 or fewer years of schooling",2688.0,1912.0,0.041749467861793656,0.05835671249744399,0.5094,,,,
"professional occupation, children with 12 or fewer years of schooling",2684.0,,0.018338811780181517,0.02061590515915483,0.4078,,,,
trade control: coastal x exposure,4536.0,,0.121417385626839,0.02331771094339952,0.0063,17.550471356243666,0.6521649676324882,,
trade control: export share x exposure,4536.0,,0.11708448074588064,0.0179903627127605,0.0012,19.151660806977173,0.6243939645492292,,
trade control: both,4536.0,,0.12909992450746027,0.022091121594287257,0.0057,18.534060936709142,0.6907697724800013,,
region-specific linear cohort trends (three regions),4536.0,,0.12340331055407767,0.025712434077202216,0.0071,18.0696010566579,0.6654396857228793,,
province-specific linear cohort trends,4536.0,,0.0692134197440864,0.06830047411766611,0.5419,16.181042360423316,0.5495170073600084,,
pre-reform cohorts: earnings on intensity x birth year,1330.0,,0.014256526406032869,0.012930055989002593,0.2072,,,,
pre-reform cohorts: completion on intensity x birth year,1330.0,,0.007631420728225015,0.008896236972808988,0.7748,,,,
"leave one province out: earnings reduced form, smallest and largest",,,0.10809139616172568,0.12432342677586268,,,,,
"leave one province out: instrumented return, smallest and largest",,,0.5995816851635581,0.9755503761102619,,,,,
instrument by the province at age twelve,4536.0,2774.0,0.1368095457398022,0.02310533298691754,0.0052,14.527800623531368,0.6769394364076053,194.0,2578.0
row below 30 with at least 2 wave(s),4187.0,2774.0,0.11330681807931513,0.020496012426905692,0.0036,18.04666576186249,0.592967425178909,,
rows at 30 and over only (no row below 30),2774.0,2774.0,0.12514193122091657,0.01952281126701228,0.0045,19.40838404982491,0.6447559849788684,,
band threshold 28,4536.0,3193.0,0.06003512175043802,0.02186157777214868,0.0989,14.799895940359752,0.3604303487671526,,
band threshold 29,4536.0,2976.0,0.05939163626802174,0.02110353627109841,0.078,12.27854706567115,0.3850274992372178,,
exposure ratio of the year the cohort turned 17,4536.0,2774.0,0.13948724024620665,0.023164609837407563,0.0012,14.715045107115646,0.6807959547885467,,
exposure ratio of the year the cohort turned 19,4536.0,2774.0,0.099253981573981,0.02235057220266015,0.0256,17.43779953837803,0.5830324740166489,,
