outcome,bin,children,coef,se,p
college completion (children with a row at 30 and over),1972 or earlier,591,0.008302392279940313,0.11628485069859115,0.9430817780452432
college completion (children with a row at 30 and over),1973-1976,344,0.21416755352725467,0.12534055554151619,0.08750927509370968
college completion (children with a row at 30 and over),1981-1984,526,0.27249742580186465,0.11822205679058556,0.021168665079829865
college completion (children with a row at 30 and over),1985-1988,703,0.5138367257873329,0.08507250098370259,1.541274780723422e-09
college completion (children with a row at 30 and over),1989 or later,215,0.6609831937196178,0.18554296164439954,0.00036744257178565306
mean log earnings at 30 and over,1972 or earlier,591,-0.09355617314145936,0.15942008841911057,0.5573023704246776
mean log earnings at 30 and over,1973-1976,344,-0.018974168793374224,0.11061902655401203,0.8638092668758024
mean log earnings at 30 and over,1981-1984,526,0.0662375682816281,0.12019154111421505,0.5815650685498328
mean log earnings at 30 and over,1985-1988,703,0.18434218503024768,0.1370270066483033,0.17852895548758863
mean log earnings at 30 and over,1989 or later,215,0.5601431539283154,0.13332325454909724,2.6527968255560204e-05
