b,permutation_p
-6.0,0.0004
-5.95,0.0004
-5.9,0.0004
-5.85,0.0004
-5.8,0.0004
-5.75,0.0004
-5.7,0.0004
-5.65,0.0004
-5.6,0.0004
-5.55,0.0004
-5.5,0.0004
-5.45,0.0004
-5.4,0.0004
-5.35,0.0004
-5.3,0.0004
-5.25,0.0004
-5.2,0.0004
-5.15,0.0004
-5.1,0.0004
-5.05,0.0004
-5.0,0.0004
-4.95,0.0004
-4.9,0.0004
-4.85,0.0004
-4.8,0.0004
-4.75,0.0004
-4.7,0.0004
-4.65,0.0004
-4.6,0.0004
-4.55,0.0004
-4.5,0.0004
-4.45,0.0004
-4.4,0.0004
-4.35,0.0004
-4.3,0.0004
-4.25,0.0004
-4.2,0.0004
-4.15,0.0004
-4.1,0.0004
-4.05,0.0004
-4.0,0.0004
-3.95,0.0004
-3.9,0.0004
-3.85,0.0004
-3.8,0.0004
-3.75,0.0004
-3.7,0.0004
-3.65,0.0004
-3.6,0.0004
-3.55,0.0004
-3.5,0.0004
-3.45,0.0004
-3.4,0.0004
-3.35,0.0004
-3.3,0.0004
-3.25,0.0004
-3.2,0.0004
-3.15,0.0004
-3.1,0.0004
-3.05,0.0004
-3.0,0.0004
-2.95,0.0004
-2.9,0.0004
-2.85,0.0004
-2.8,0.0004
-2.75,0.0004
-2.7,0.0004
-2.65,0.0004
-2.6,0.0004
-2.55,0.0004
-2.5,0.0004
-2.45,0.0004
-2.4,0.0004
-2.35,0.0004
-2.3,0.0004
-2.25,0.0004
-2.2,0.0004
-2.15,0.0004
-2.1,0.0004
-2.05,0.0004
-2.0,0.0004
-1.95,0.0004
-1.9,0.0004
-1.85,0.0004
-1.8,0.0006
-1.75,0.0006
-1.7,0.0006
-1.65,0.0006
-1.6,0.0006
-1.55,0.0006
-1.5,0.0006
-1.45,0.0006
-1.4,0.0006
-1.35,0.0006
-1.3,0.0006
-1.25,0.0006
-1.2,0.0006
-1.15,0.0008
-1.1,0.0008
-1.05,0.0008
-1.0,0.0008
-0.95,0.0008
-0.9,0.0008
-0.85,0.0008
-0.8,0.0008
-0.75,0.0006
-0.7,0.0006
-0.65,0.0006
-0.6,0.0006
-0.55,0.0006
-0.5,0.0004
-0.45,0.0004
-0.4,0.0004
-0.35,0.0004
-0.3,0.0004
-0.25,0.0004
-0.2,0.0004
-0.15,0.0002
-0.1,0.0002
-0.05,0.0002
-0.0,0.0002
0.05,0.0002
0.1,0.0002
0.15,0.0002
0.2,0.0002
0.25,0.0002
0.3,0.0002
0.35,0.0024
0.4,0.0122
0.45,0.0504
0.5,0.1314
0.55,0.31
0.6,0.5528
0.65,0.8162
0.7,0.94
0.75,0.7168
0.8,0.5434
0.85,0.4166
0.9,0.3224
0.95,0.2478
1.0,0.1942
1.05,0.153
1.1,0.1212
1.15,0.0976
1.2,0.0784
1.25,0.0636
1.3,0.0512
1.35,0.0426
1.4,0.0362
1.45,0.0302
1.5,0.0258
1.55,0.0216
1.6,0.0192
1.65,0.0164
1.7,0.0156
1.75,0.0146
1.8,0.0128
1.85,0.0118
1.9,0.0114
1.95,0.0098
2.0,0.009
2.05,0.008
2.1,0.0068
2.15,0.0064
2.2,0.0064
2.25,0.0058
2.3,0.0056
2.35,0.0054
2.4,0.005
2.45,0.0046
2.5,0.0044
2.55,0.0044
2.6,0.0042
2.65,0.0038
2.7,0.0036
2.75,0.0036
2.8,0.0036
2.85,0.0034
2.9,0.0032
2.95,0.0032
3.0,0.0032
3.05,0.003
3.1,0.003
3.15,0.0028
3.2,0.0028
3.25,0.0026
3.3,0.0024
3.35,0.0024
3.4,0.0022
3.45,0.0022
3.5,0.0022
3.55,0.0022
3.6,0.0022
3.65,0.0022
3.7,0.0022
3.75,0.002
3.8,0.002
3.85,0.002
3.9,0.002
3.95,0.002
4.0,0.002
4.05,0.002
4.1,0.0018
4.15,0.0018
4.2,0.0018
4.25,0.0018
4.3,0.0018
4.35,0.0018
4.4,0.0018
4.45,0.0018
4.5,0.0018
4.55,0.0018
4.6,0.0018
4.65,0.0018
4.7,0.0018
4.75,0.0018
4.8,0.0018
4.85,0.0016
4.9,0.0016
4.95,0.0016
5.0,0.0014
5.05,0.0014
5.1,0.0014
5.15,0.0014
5.2,0.0014
5.25,0.0014
5.3,0.0014
5.35,0.0014
5.4,0.0014
5.45,0.0014
5.5,0.0014
5.55,0.0014
5.6,0.0014
5.65,0.0014
5.7,0.0014
5.75,0.0014
5.8,0.0014
5.85,0.0014
5.9,0.0014
5.95,0.0014
6.0,0.0014
