group,t,s,omega,se
pooled,2014,2014,0.4937348491773639,0.024519818145013184
pooled,2014,2016,0.1148417855535165,0.03656423701674592
pooled,2014,2018,0.11828668537756061,0.013352100736172157
pooled,2014,2020,0.10979305199870541,0.012954531012637268
pooled,2014,2022,0.10889426956348396,0.013900917619129496
pooled,2016,2016,0.5792831145178583,0.035947718789444104
pooled,2016,2018,0.1483659779296789,0.020679386013134248
pooled,2016,2020,0.148004350863251,0.021003691342418123
pooled,2016,2022,0.135572534647955,0.017505929294047512
pooled,2018,2018,0.4219868146806774,0.017876343142023594
pooled,2018,2020,0.1802175709889001,0.01317172056700782
pooled,2018,2022,0.1474297890795796,0.011726497198803195
pooled,2020,2020,0.45557716107691965,0.017974511756182962
pooled,2020,2022,0.19292339907395015,0.011403046276572154
pooled,2022,2022,0.4060599512599296,0.020062623652629143
H,2014,2014,0.466492077377074,0.06071286038971172
H,2014,2016,0.2126521347650598,0.13533735668370375
H,2014,2018,0.09966262059332179,0.028052079696016422
H,2014,2020,0.12418787590117099,0.03318351974540365
H,2014,2022,0.06561564960766693,0.03052564833994705
H,2016,2016,0.48544239543901085,0.09495675833533823
H,2016,2018,0.15423986614669233,0.037473872088529855
H,2016,2020,0.11889305842111486,0.04628854412936853
H,2016,2022,0.07333548317223068,0.0470724132103334
H,2018,2018,0.39876913030476113,0.04370470608936698
H,2018,2020,0.1741290063294716,0.024568987024431957
H,2018,2022,0.15173268381989835,0.031062146165846197
H,2020,2020,0.4438583311651995,0.04365030070392658
H,2020,2022,0.23846002035638297,0.03648464769144421
H,2022,2022,0.431922250569923,0.05249500533797696
L,2014,2014,0.4999183248231971,0.027448569050564028
L,2014,2016,0.09935275664611669,0.03380401878055449
L,2014,2018,0.12251091459677906,0.01459623163532701
L,2014,2020,0.10648731479631662,0.01640602093165774
L,2014,2022,0.11967115911769927,0.015605417836136943
L,2016,2016,0.5950625672805598,0.03172773322006161
L,2016,2018,0.1474255182151503,0.022153856266055184
L,2016,2020,0.15312830109060518,0.02298027557711977
L,2016,2022,0.14670759817076828,0.02148676626764832
L,2018,2018,0.4265519476108004,0.01997487333584995
L,2018,2020,0.1814615595875561,0.014994205044341643
L,2018,2022,0.1465521448265967,0.013734198019057325
L,2020,2020,0.4579683442901203,0.024153596873559852
L,2020,2022,0.18336137727749213,0.011871448445143064
L,2022,2022,0.4007096685920601,0.02071017611903208
