T,formula,eta,eta_lo,eta_hi,eta_se,inflation
1,approx,0.271287018524523,0.22960323680069117,0.3088045513191379,0.0202677884225952,3.6861328840532224
1,exact,0.271287018524523,0.22960323680069117,0.3088045513191379,0.0202677884225952,3.6861328840532224
2,approx,0.4267911409012628,0.3734590626695268,0.47188794219619834,0.025176043591266413,2.343066442026611
2,exact,0.39084309199908923,0.3311692915452609,0.44680671117627385,0.02932358786444183,2.5585715098230013
3,approx,0.5275993476011631,0.4720440321703063,0.5727054952166255,0.025739583499598623,1.8953776280177406
3,exact,0.47566807681978196,0.40706239001843675,0.5392479323821064,0.03331113349020462,2.1023063113375033
4,approx,0.5982531411453413,0.5438226327771468,0.6412008957452969,0.024895326694361432,1.6715332210133054
4,exact,0.5400037902610788,0.467010261529834,0.6047889411596724,0.03462278374122802,1.8518388537912376
5,approx,0.6505221904728882,0.5984197407605284,0.6907704570051232,0.023606925374687754,1.5372265768106446
5,exact,0.5904352178380985,0.5169942918941195,0.6541557177229878,0.03458930182654219,1.693665909126388
6,approx,0.6907561834582724,0.6413449882372303,0.7283060809630806,0.022227139642917254,1.4476888140088704
6,exact,0.6309762519338061,0.5584923360706827,0.6924418396378162,0.03389028418155147,1.5848457005080867
7,approx,0.7226826313238444,0.6759797787934978,0.7577156113844078,0.020890124797111304,1.3837332691504602
7,exact,0.6642506524091699,0.5934274255444798,0.7234445071882374,0.03287266462179256,1.5054558040298511
8,approx,0.7486337748932822,0.704514392263174,0.7813801362691305,0.019644388090897507,1.3357666105066528
8,exact,0.6920397393453938,0.6231514156330358,0.7487983893257617,0.031717581345177735,1.4450037232629278
9,approx,0.7701435615438968,0.7284300126701396,0.8008332527493554,0.018503157853469107,1.298459209339247
9,exact,0.7155910397979202,0.6488151121704848,0.7697037250596577,0.03052149791577856,1.3974462288996738
10,approx,0.7882622775117106,0.7487642010085032,0.8171073125866383,0.01746499427726506,1.2686132884053223
10,exact,0.7358024101050233,0.6713309851281858,0.7873995649640231,0.029336100044277273,1.3590605117170884
