t,s,N_ts,omega_hat
2014,2014,244,0.466492077377074
2014,2016,54,0.21265213476505987
2014,2018,203,0.09966262059332182
2014,2020,189,0.124187875901171
2014,2022,189,0.06561564960766693
2016,2016,151,0.485442395439011
2016,2018,118,0.15423986614669236
2016,2020,113,0.11889305842111485
2016,2022,112,0.0733354831722307
2018,2018,361,0.39876913030476113
2018,2020,303,0.1741290063294716
2018,2022,288,0.15173268381989835
2020,2020,353,0.4438583311651995
2020,2022,286,0.23846002035638297
2022,2022,343,0.431922250569923
