tau,y_percentile,eta_value,rho_local,group,sigma_nu
0.1,10,-1.05875531936736,0.4699026902592141,pooled,0.22123292322397192
0.1,25,-0.6565512897437227,0.5266149339753988,pooled,0.22123292322397192
0.1,50,0.013788759629006334,0.6211353401690408,pooled,0.22123292322397192
0.1,75,0.6841288090017351,0.7156557463626819,pooled,0.22123292322397192
0.1,90,1.0863328386253728,0.7723679900788668,pooled,0.22123292322397192
0.25,10,-1.05875531936736,0.27125059274343677,pooled,0.22123292322397192
0.25,25,-0.6565512897437227,0.3507435050007467,pooled,0.22123292322397192
0.25,50,0.013788759629006334,0.4832316920962628,pooled,0.22123292322397192
0.25,75,0.6841288090017351,0.6157198791917786,pooled,0.22123292322397192
0.25,90,1.0863328386253728,0.6952127914490873,pooled,0.22123292322397192
0.5,10,-1.05875531936736,0.06893809822483174,pooled,0.22123292322397192
0.5,25,-0.6565512897437227,0.1964374576955095,pooled,0.22123292322397192
0.5,50,0.013788759629006334,0.4089363901466377,pooled,0.22123292322397192
0.5,75,0.6841288090017351,0.6214353225977655,pooled,0.22123292322397192
0.5,90,1.0863328386253728,0.7489346820684417,pooled,0.22123292322397192
0.75,10,-1.05875531936736,-0.055625124335987236,pooled,0.22123292322397192
0.75,25,-0.6565512897437227,0.1152600228549216,pooled,0.22123292322397192
0.75,50,0.013788759629006334,0.4000686015064368,pooled,0.22123292322397192
0.75,75,0.6841288090017351,0.6848771801579518,pooled,0.22123292322397192
0.75,90,1.0863328386253728,0.8557623273488599,pooled,0.22123292322397192
0.9,10,-1.05875531936736,-0.1329883575976197,pooled,0.22123292322397192
0.9,25,-0.6565512897437227,0.05346922932512299,pooled,0.22123292322397192
0.9,50,0.013788759629006334,0.3642318741963613,pooled,0.22123292322397192
0.9,75,0.6841288090017351,0.6749945190675994,pooled,0.22123292322397192
0.9,90,1.0863328386253728,0.8614521059903417,pooled,0.22123292322397192
0.1,10,-0.9438709406511473,0.5738129858589867,H,0.21114355942917112
0.1,25,-0.5463911376635724,0.6484463021448545,H,0.21114355942917112
0.1,50,0.1160752006490524,0.7728351626213021,H,0.21114355942917112
0.1,75,0.7785415389616769,0.8972240230977485,H,0.21114355942917112
0.1,90,1.1760213419492522,0.9718573393836222,H,0.21114355942917112
0.25,10,-0.9438709406511473,0.3327867348329199,H,0.21114355942917112
0.25,25,-0.5463911376635724,0.4289293287839664,H,0.21114355942917112
0.25,50,0.1160752006490524,0.5891669853690435,H,0.21114355942917112
0.25,75,0.7785415389616769,0.7494046419541202,H,0.21114355942917112
0.25,90,1.1760213419492522,0.8455472359051694,H,0.21114355942917112
0.5,10,-0.9438709406511473,0.14293138030302102,H,0.21114355942917112
0.5,25,-0.5463911376635724,0.28053520145143795,H,0.21114355942917112
0.5,50,0.1160752006490524,0.509874903365466,H,0.21114355942917112
0.5,75,0.7785415389616769,0.7392146052794936,H,0.21114355942917112
0.5,90,1.1760213419492522,0.8768184264279141,H,0.21114355942917112
0.75,10,-0.9438709406511473,0.002802819805005908,H,0.21114355942917112
0.75,25,-0.5463911376635724,0.18122445163102488,H,0.21114355942917112
0.75,50,0.1160752006490524,0.4785938380077233,H,0.21114355942917112
0.75,75,0.7785415389616769,0.7759632243844212,H,0.21114355942917112
0.75,90,1.1760213419492522,0.9543848562104438,H,0.21114355942917112
0.9,10,-0.9438709406511473,-0.1606496325313198,H,0.21114355942917112
0.9,25,-0.5463911376635724,0.03827754718903774,H,0.21114355942917112
0.9,50,0.1160752006490524,0.3698228467229679,H,0.21114355942917112
0.9,75,0.7785415389616769,0.7013681462568979,H,0.21114355942917112
0.9,90,1.1760213419492522,0.9002953259772599,H,0.21114355942917112
0.1,10,-1.1320313022836226,0.36650671347163905,L,0.22315444864711176
0.1,25,-0.7213028163662614,0.4273916419555202,L,0.22315444864711176
0.1,50,-0.03675533983732586,0.5288665227619895,L,0.22315444864711176
0.1,75,0.6477921366916094,0.6303414035684582,L,0.22315444864711176
0.1,90,1.058520622608971,0.6912263320523394,L,0.22315444864711176
0.25,10,-1.1320313022836226,0.17593482405347294,L,0.22315444864711176
0.25,25,-0.7213028163662614,0.28943189526453095,L,0.22315444864711176
0.25,50,-0.03675533983732586,0.478593680616293,L,0.22315444864711176
0.25,75,0.6477921366916094,0.6677554659680554,L,0.22315444864711176
0.25,90,1.058520622608971,0.7812525371791117,L,0.22315444864711176
0.5,10,-1.1320313022836226,0.07215363531487537,L,0.22315444864711176
0.5,25,-0.7213028163662614,0.2054474882381389,L,0.22315444864711176
0.5,50,-0.03675533983732586,0.42760390977690865,L,0.22315444864711176
0.5,75,0.6477921366916094,0.6497603313156785,L,0.22315444864711176
0.5,90,1.058520622608971,0.78305418423894,L,0.22315444864711176
0.75,10,-1.1320313022836226,0.048600431035789815,L,0.22315444864711176
0.75,25,-0.7213028163662614,0.17673005830116786,L,0.22315444864711176
0.75,50,-0.03675533983732586,0.3902794370767972,L,0.22315444864711176
0.75,75,0.6477921366916094,0.6038288158524268,L,0.22315444864711176
0.75,90,1.058520622608971,0.7319584431178036,L,0.22315444864711176
0.9,10,-1.1320313022836226,-0.01681580262553946,L,0.22315444864711176
0.9,25,-0.7213028163662614,0.1249867958696753,L,0.22315444864711176
0.9,50,-0.03675533983732586,0.36132446002836704,L,0.22315444864711176
0.9,75,0.6477921366916094,0.5976621241870586,L,0.22315444864711176
0.9,90,1.058520622608971,0.7394647226822729,L,0.22315444864711176
