provcd,province_zh,province_en,year,cee_total,cee_male,cee_female,cee_science_eng,cee_literature,cee_under18,cee_18to25,cee_over25
11,北京,Beijing,1997,37869.0,18320.0,19549.0,26850.0,11019.0,,,
12,天津,Tianjin,1997,26464.0,13270.0,13194.0,18290.0,8174.0,,,
13,河北,Hebei,1997,144755.0,77287.0,67468.0,98631.0,46124.0,,,
14,山西,Shanxi,1997,87479.0,48610.0,38869.0,59874.0,27605.0,,,
15,内蒙古,InnerMongolia,1997,66674.0,32703.0,33971.0,43931.0,22743.0,,,
21,辽宁,Liaoning,1997,103327.0,54715.0,48612.0,70752.0,32575.0,,,
22,吉林,Jilin,1997,76667.0,42608.0,34059.0,52078.0,24589.0,,,
23,黑龙江,Heilongjiang,1997,98429.0,51992.0,46437.0,65709.0,32720.0,,,
31,上海,Shanghai,1997,45387.0,23147.0,22240.0,33083.0,12342.0,,,
32,江苏,Jiangsu,1997,168074.0,106886.0,61188.0,108873.0,59201.0,,,
33,浙江,Zhejiang,1997,110504.0,64257.0,46247.0,65352.0,45152.0,,,
34,安徽,Anhui,1997,133372.0,93182.0,40190.0,76293.0,55079.0,,,
35,福建,Fujian,1997,68195.0,48051.0,20144.0,41104.0,27091.0,,,
36,江西,Jiangxi,1997,112655.0,78682.0,33973.0,60854.0,42801.0,,,
37,山东,Shandong,1997,265272.0,160645.0,104627.0,84336.0,80936.0,,,
41,河南,Henan,1997,211284.0,131163.0,80121.0,40496.0,70788.0,,,
42,湖北,Hubei,1997,124203.0,82667.0,41536.0,86074.0,38129.0,,,
43,湖南,Hunan,1997,150996.0,99980.0,51016.0,87572.0,63424.0,,,
44,广东,Guangdong,1997,125565.0,83795.0,41770.0,78639.0,46926.0,,,
45,广西,Guangxi,1997,84868.0,56187.0,28681.0,52669.0,32199.0,,,
46,海南,Hainan,1997,16712.0,11764.0,4948.0,10052.0,6660.0,,,
51,四川,Sichuan,1997,144934.0,90427.0,54507.0,92122.0,52812.0,,,
52,贵州,Guizhou,1997,63714.0,43757.0,19957.0,42719.0,20995.0,,,
53,云南,Yunnan,1997,75453.0,44024.0,31429.0,29218.0,46235.0,,,
54,西藏,Tibet,1997,2295.0,1209.0,1086.0,762.0,1533.0,,,
61,陕西,Shaanxi,1997,119924.0,70186.0,49738.0,82026.0,37898.0,,,
62,甘肃,Gansu,1997,81931.0,51650.0,30281.0,53440.0,28491.0,,,
63,青海,Qinghai,1997,20980.0,10377.0,10603.0,12086.0,8894.0,,,
64,宁夏,Ningxia,1997,22381.0,12282.0,10099.0,13717.0,8664.0,,,
65,新疆,Xinjiang,1997,52296.0,25086.0,27210.0,34551.0,17745.0,,,
11,北京,Beijing,1998,50708.0,23983.0,26725.0,35054.0,15654.0,,,
12,天津,Tianjin,1998,32143.0,16169.0,15974.0,21559.0,9515.0,,,
13,河北,Hebei,1998,178492.0,93344.0,85148.0,119744.0,52409.0,,,
14,山西,Shanxi,1998,95719.0,53092.0,42627.0,64558.0,23271.0,,,
15,内蒙古,InnerMongolia,1998,72378.0,35298.0,37080.0,47495.0,20075.0,,,
21,辽宁,Liaoning,1998,122629.0,64014.0,58615.0,82461.0,32370.0,,,
22,吉林,Jilin,1998,85862.0,46921.0,38941.0,57397.0,24192.0,,,
23,黑龙江,Heilongjiang,1998,106626.0,56071.0,50555.0,66674.0,29822.0,,,
31,上海,Shanghai,1998,52040.0,26711.0,25329.0,35521.0,14642.0,,,
32,江苏,Jiangsu,1998,193963.0,121784.0,72179.0,129929.0,40697.0,,,
33,浙江,Zhejiang,1998,125393.0,71766.0,53627.0,73187.0,47143.0,,,
34,安徽,Anhui,1998,153330.0,104549.0,48781.0,87544.0,59865.0,,,
35,福建,Fujian,1998,74690.0,52192.0,22498.0,43979.0,22233.0,,,
36,江西,Jiangxi,1998,122894.0,85077.0,37817.0,73230.0,39478.0,,,
37,山东,Shandong,1998,296655.0,178169.0,118486.0,203033.0,63172.0,,,
41,河南,Henan,1998,227136.0,140643.0,86493.0,147945.0,61251.0,,,
42,湖北,Hubei,1998,154248.0,100700.0,53548.0,102716.0,38308.0,,,
43,湖南,Hunan,1998,159523.0,102505.0,57018.0,87908.0,71615.0,,,
44,广东,Guangdong,1998,150474.0,100173.0,50301.0,89196.0,43603.0,,,
45,广西,Guangxi,1998,90794.0,58384.0,32410.0,56110.0,25877.0,,,
46,海南,Hainan,1998,17648.0,12083.0,5565.0,10209.0,6006.0,,,
50,重庆,Chongqing,1998,39886.0,23232.0,16654.0,24732.0,12489.0,,,
51,四川,Sichuan,1998,124317.0,74953.0,49364.0,76394.0,40283.0,,,
52,贵州,Guizhou,1998,66370.0,44447.0,21923.0,42386.0,21414.0,,,
53,云南,Yunnan,1998,81767.0,46540.0,35227.0,44284.0,29868.0,,,
54,西藏,Tibet,1998,2523.0,1753.0,770.0,945.0,1578.0,,,
61,陕西,Shaanxi,1998,129881.0,74816.0,55065.0,86371.0,33774.0,,,
62,甘肃,Gansu,1998,84796.0,52491.0,32305.0,55794.0,21272.0,,,
63,青海,Qinghai,1998,22220.0,10701.0,11519.0,13791.0,8061.0,,,
64,宁夏,Ningxia,1998,24571.0,13173.0,11398.0,15837.0,6015.0,,,
65,新疆,Xinjiang,1998,62521.0,28932.0,33589.0,36841.0,17800.0,,,
11,北京,Beijing,1999,55371.0,26626.0,28745.0,,,672.0,54673.0,26.0
12,天津,Tianjin,1999,36803.0,18241.0,18562.0,,,2386.0,32815.0,1602.0
13,河北,Hebei,1999,194816.0,102784.0,92032.0,,,2601.0,192212.0,3.0
14,山西,Shanxi,1999,102688.0,58187.0,44501.0,,,7341.0,95334.0,13.0
15,内蒙古,InnerMongolia,1999,83216.0,41377.0,41839.0,,,32344.0,50853.0,19.0
21,辽宁,Liaoning,1999,123125.0,63242.0,59883.0,,,24829.0,97938.0,358.0
22,吉林,Jilin,1999,86866.0,51459.0,35407.0,,,1519.0,85206.0,141.0
23,黑龙江,Heilongjiang,1999,105639.0,55434.0,50205.0,,,2956.0,102637.0,46.0
31,上海,Shanghai,1999,72704.0,35155.0,37549.0,,,6158.0,66495.0,51.0
32,江苏,Jiangsu,1999,213414.0,132291.0,81123.0,,,13697.0,199706.0,11.0
33,浙江,Zhejiang,1999,146504.0,81775.0,64729.0,,,26779.0,119127.0,598.0
34,安徽,Anhui,1999,166347.0,112205.0,54142.0,,,33799.0,132522.0,26.0
35,福建,Fujian,1999,83799.0,56593.0,27206.0,,,17414.0,66376.0,9.0
36,江西,Jiangxi,1999,123755.0,85151.0,38604.0,,,37943.0,85097.0,715.0
37,山东,Shandong,1999,312735.0,186940.0,125795.0,,,54592.0,257780.0,363.0
41,河南,Henan,1999,235133.0,145789.0,89344.0,,,17922.0,217211.0,
42,湖北,Hubei,1999,166853.0,106946.0,59907.0,,,15647.0,151155.0,51.0
43,湖南,Hunan,1999,165395.0,104078.0,61317.0,,,26264.0,139091.0,40.0
44,广东,Guangdong,1999,165488.0,108622.0,56866.0,,,2950.0,162317.0,221.0
45,广西,Guangxi,1999,90901.0,58514.0,32387.0,,,1802.0,89084.0,15.0
46,海南,Hainan,1999,16603.0,11378.0,5225.0,,,2778.0,13814.0,11.0
50,重庆,Chongqing,1999,44655.0,25332.0,19323.0,,,1874.0,42779.0,2.0
51,四川,Sichuan,1999,130300.0,77809.0,52491.0,,,4228.0,126042.0,30.0
52,贵州,Guizhou,1999,68258.0,44682.0,23576.0,,,12503.0,55755.0,0.0
53,云南,Yunnan,1999,74049.0,41690.0,32359.0,,,1660.0,72189.0,200.0
54,西藏,Tibet,1999,3856.0,2152.0,1704.0,,,652.0,3201.0,3.0
61,陕西,Shaanxi,1999,133188.0,77485.0,55703.0,,,3001.0,130037.0,150.0
62,甘肃,Gansu,1999,88622.0,54853.0,33769.0,,,18765.0,69857.0,
63,青海,Qinghai,1999,21840.0,10622.0,11218.0,,,2581.0,19150.0,109.0
64,宁夏,Ningxia,1999,25019.0,13513.0,11506.0,,,2227.0,22792.0,
65,新疆,Xinjiang,1999,66503.0,31170.0,35333.0,,,1623.0,64864.0,16.0
11,北京,Beijing,2000,68823.0,31951.0,36872.0,,,659.0,68144.0,20.0
12,天津,Tianjin,2000,44674.0,21875.0,22799.0,,,290.0,44384.0,
13,河北,Hebei,2000,210838.0,113967.0,96871.0,,,1875.0,208958.0,5.0
14,山西,Shanxi,2000,108418.0,62687.0,45731.0,,,7405.0,101013.0,
15,内蒙古,InnerMongolia,2000,106472.0,54305.0,52167.0,,,4860.0,101612.0,
21,辽宁,Liaoning,2000,138899.0,71947.0,66952.0,,,1790.0,137109.0,
22,吉林,Jilin,2000,84223.0,45350.0,38873.0,,,1257.0,82958.0,8.0
23,黑龙江,Heilongjiang,2000,111626.0,58698.0,52928.0,,,2358.0,109215.0,53.0
31,上海,Shanghai,2000,107895.0,52043.0,55852.0,,,1356.0,106539.0,
32,江苏,Jiangsu,2000,249406.0,156162.0,93244.0,,,13340.0,236051.0,15.0
33,浙江,Zhejiang,2000,151111.0,85647.0,65464.0,,,7304.0,143805.0,2.0
34,安徽,Anhui,2000,183144.0,122959.0,60185.0,,,21642.0,161470.0,32.0
35,福建,Fujian,2000,108963.0,70230.0,38733.0,,,7024.0,101924.0,15.0
36,江西,Jiangxi,2000,124766.0,86063.0,38703.0,,,23669.0,101097.0,
37,山东,Shandong,2000,350878.0,208000.0,142878.0,,,15519.0,335315.0,44.0
41,河南,Henan,2000,288194.0,174498.0,113696.0,,,20843.0,267283.0,68.0
42,湖北,Hubei,2000,194376.0,120917.0,73459.0,,,14648.0,179697.0,31.0
43,湖南,Hunan,2000,190166.0,119962.0,70204.0,,,9372.0,180789.0,5.0
44,广东,Guangdong,2000,204655.0,127183.0,77472.0,,,1597.0,203010.0,48.0
45,广西,Guangxi,2000,98903.0,63166.0,35737.0,,,1976.0,96927.0,
46,海南,Hainan,2000,17529.0,12144.0,5385.0,,,390.0,17139.0,
50,重庆,Chongqing,2000,64070.0,35790.0,28280.0,,,2099.0,61971.0,
51,四川,Sichuan,2000,167861.0,98396.0,69465.0,,,3962.0,163899.0,
52,贵州,Guizhou,2000,65955.0,43073.0,22882.0,,,16015.0,49569.0,371.0
53,云南,Yunnan,2000,79039.0,44339.0,34700.0,,,1528.0,77511.0,
54,西藏,Tibet,2000,3234.0,1833.0,1401.0,,,394.0,2833.0,7.0
61,陕西,Shaanxi,2000,146634.0,86011.0,60623.0,,,2264.0,144269.0,101.0
62,甘肃,Gansu,2000,96122.0,59461.0,36661.0,,,2912.0,93196.0,14.0
63,青海,Qinghai,2000,23357.0,11460.0,11897.0,,,979.0,22368.0,10.0
64,宁夏,Ningxia,2000,27795.0,15291.0,12504.0,,,1365.0,26430.0,
65,新疆,Xinjiang,2000,66797.0,32101.0,34696.0,,,1663.0,65122.0,12.0
11,北京,Beijing,2002,94157.0,44797.0,49360.0,,,,,
12,天津,Tianjin,2002,72989.0,35884.0,37105.0,,,,,
13,河北,Hebei,2002,336934.0,176941.0,159993.0,,,,,
14,山西,Shanxi,2002,212447.0,119421.0,93026.0,,,,,
15,内蒙古,InnerMongolia,2002,166457.0,86438.0,80019.0,,,,,
21,辽宁,Liaoning,2002,176098.0,88277.0,87821.0,,,,,
22,吉林,Jilin,2002,118866.0,62651.0,56215.0,,,,,
23,黑龙江,Heilongjiang,2002,158923.0,83148.0,75775.0,,,,,
31,上海,Shanghai,2002,118824.0,57732.0,61092.0,,,,,
32,江苏,Jiangsu,2002,366261.0,215780.0,150481.0,,,,,
33,浙江,Zhejiang,2002,268913.0,144839.0,124074.0,,,,,
34,安徽,Anhui,2002,292083.0,186256.0,105827.0,,,,,
35,福建,Fujian,2002,204570.0,118998.0,85572.0,,,,,
36,江西,Jiangxi,2002,205411.0,133565.0,71846.0,,,,,
37,山东,Shandong,2002,537761.0,307256.0,230505.0,,,,,
41,河南,Henan,2002,478315.0,276176.0,202139.0,,,,,
42,湖北,Hubei,2002,331449.0,193686.0,137763.0,,,,,
43,湖南,Hunan,2002,299137.0,176523.0,122614.0,,,,,
44,广东,Guangdong,2002,335658.0,200798.0,134860.0,,,,,
45,广西,Guangxi,2002,185465.0,105073.0,80392.0,,,,,
46,海南,Hainan,2002,29160.0,19105.0,10055.0,,,,,
50,重庆,Chongqing,2002,97772.0,52858.0,44914.0,,,,,
51,四川,Sichuan,2002,258810.0,147477.0,111333.0,,,,,
52,贵州,Guizhou,2002,109121.0,69205.0,39916.0,,,,,
53,云南,Yunnan,2002,119956.0,64945.0,55011.0,,,,,
54,西藏,Tibet,2002,9436.0,5148.0,4288.0,,,,,
61,陕西,Shaanxi,2002,244953.0,142014.0,102939.0,,,,,
62,甘肃,Gansu,2002,136140.0,86351.0,49789.0,,,,,
63,青海,Qinghai,2002,23716.0,11715.0,12001.0,,,,,
64,宁夏,Ningxia,2002,41342.0,22409.0,18933.0,,,,,
65,新疆,Xinjiang,2002,93456.0,45630.0,47826.0,,,,,
