provcd,hs2000,uni2000,n2000,hs1990,uni1990,n1990
11,0.5240330274526331,0.11258836376175789,52199.0,0.4600443824209009,0.0768456452609183,43711.0
12,0.4168805978663928,0.0459524217011809,35058.0,0.3194043866121135,0.024929013794799563,44727.0
13,0.19692208030954278,0.012649584620906392,228466.0,0.1609987929993965,0.0035908267954133976,198840.0
14,0.23984024481962707,0.015560569516844317,115677.0,0.1674503010805906,0.0045265198383238475,96984.0
15,0.26475493684397794,0.016489503647037895,89936.0,0.22818135275044088,0.009898173957563,87895.0
21,0.2575874996062124,0.027861260750401663,158715.0,0.20825626988237034,0.009938102636186531,162204.0
22,0.29133913672825235,0.02527090327898514,99482.0,0.2393736956362149,0.009071555168688976,95353.0
23,0.27609343571522954,0.019864632731864163,136222.0,0.23453900503009334,0.007377954816387055,137572.0
31,0.4504266110291249,0.06026834936305192,58953.0,0.3794003768042843,0.029328427954724148,67409.0
32,0.24096788494893792,0.01711532328943991,257138.0,0.16979876039379618,0.004378729052185023,241851.0
33,0.181796667109205,0.015550411849252207,173243.0,0.12133122189787521,0.004273748879094881,157239.0
34,0.14029856863287535,0.01115277820469472,195198.0,0.12068361525372835,0.005399859873886498,199820.0
35,0.18604850238403,0.015339970381530402,116819.0,0.14644187974725767,0.007100039074040542,104929.0
36,0.19078920101789607,0.012574497890435259,120641.0,0.14114197856529145,0.004084955005200404,132682.0
37,0.20502660096106698,0.017054648426007648,326304.0,0.1483371064822337,0.005369064511819524,276957.0
41,0.19232397666488907,0.011056705612385061,309405.0,0.15283519051042416,0.002980469686077163,267072.0
42,0.25247804620661063,0.017961460391641676,185731.0,0.21887248002425239,0.004947922305710141,184724.0
43,0.20674349751645502,0.011925909613643593,204345.0,0.1749659180598407,0.004817597556350516,195118.0
44,0.24813679055952476,0.020309865938829573,311425.0,0.19385146151846688,0.006342304874878896,211595.0
45,0.20049870499966604,0.011287653340655589,134749.0,0.17373002057287545,0.0033866118056654535,126380.0
51,0.16275533293418895,0.012643319531932954,355761.0,0.10130023781923349,0.0032744959785843183,334708.0
52,0.12726290678309402,0.009758293198901742,111085.0,0.07656344869459623,0.003145112325440194,82350.0
53,0.13142263446776806,0.011291943212188738,146299.0,0.09768387218755908,0.005719417659292872,105780.0
54,0.0892440073755378,0.007990165949600492,8135.0,0.029310602661881263,0.00044863167339614175,6687.0
61,0.24434468138171841,0.01752504468553851,120285.0,0.19573627459050127,0.010298058367858352,109341.0
62,0.19598603058049208,0.011629989478161589,89338.0,0.16366816927941868,0.0046020318912736325,74315.0
63,0.2266284074605452,0.017446197991391677,17425.0,0.11433436720793043,0.0037097853189807213,16443.0
64,0.24725390790029572,0.019433882551753275,18936.0,0.13685687558465856,0.011131898971000935,10690.0
65,0.2900748043908171,0.021653148376372132,69782.0,0.20955174421208186,0.008396399623841297,44662.0
