year,recruitment_M,graduate_M,projected_M,exposure_ratio,exposure_gap_M,birth_year_age18
1982,0.3149999976158142,,0.24673824876714434,1.2766565345654655,0.06826174884866987,1964
1983,0.39100000262260437,,0.2956450459707014,1.3225318940786606,0.09535495665190297,1965
1984,0.4749999940395355,,0.3445518431742727,1.3786023887246563,0.13044815086526285,1966
1985,0.6190000176429749,,0.39345864037784395,1.5732276639001759,0.2255413772651309,1967
1986,0.5720000267028809,,0.4423654375814152,1.2930486383163853,0.12963458912146564,1968
1987,0.6169999837875366,,0.4912722347849865,1.255922765628261,0.12572774900255013,1969
1988,0.6700000166893005,,0.5401790319885578,1.2403295518947368,0.12982098470074277,1970
1989,0.597000002861023,,0.589085829192129,1.013434669918554,0.007914173668893909,1971
1990,0.609000027179718,,0.6379926263956861,0.9545565293132608,-0.028992599215968085,1972
1991,0.6190000176429749,,0.6868994235992574,0.9011508764987761,-0.06789940595628252,1973
1992,0.7540000081062317,,0.7358062208028286,1.0247263298257414,0.01819378730340304,1974
1993,0.9240000247955322,0.5709999799728394,0.7847130180063999,1.1775005684791586,0.1392870067891323,1975
1994,0.8999999761581421,0.6370000243186951,0.8336198152099712,1.0796288184817813,0.0663801609481709,1976
1995,0.9259999990463257,0.8050000071525574,0.8825266124135425,1.049260142437962,0.04347338663278322,1977
1996,0.965999960899353,0.8389999866485596,0.9314334096171137,1.03711113529463,0.03456655128223929,1978
1997,1.0,0.8289999961853027,0.9803402068206708,1.0200540516879213,0.0196597931793292,1979
1998,1.0830000638961792,0.8299999833106995,1.029247004024242,1.052225617040194,0.053753059871937126,1980
1999,1.5489999055862427,0.8480000495910645,1.0781538012278133,1.4367151549456345,0.47084610435842933,1981
2000,2.2060000896453857,0.949999988079071,1.1270605984313846,1.9573038865129726,1.0789394912140011,1982
2001,2.682999849319458,1.0360000133514404,1.175967395634956,2.2815257117488277,1.5070324536845021,1983
2002,3.2049999237060547,1.3370000123977661,1.2248741928385272,2.616595191934592,1.9801257308675275,1984
2003,3.822000026702881,1.8769999742507935,1.2737809900420984,3.000515831671003,2.5482190366607824,1985
2004,4.4730000495910645,2.3910000324249268,1.3226877872456555,3.3817504725779393,3.150312262345409,1986
2005,5.045000076293945,3.067999839782715,1.3715945844492268,3.678200638507041,3.6734054918447185,1987
2006,5.460999965667725,3.7750000953674316,1.420501381652798,3.844417215077735,4.040498584014927,1988
2007,5.659000396728516,4.477999687194824,1.4694081788563693,3.8512106289845742,4.189592217872146,1989
2008,6.077000141143799,5.11899995803833,1.5183149760599406,4.00246341303551,4.558685165083858,1990
2009,6.394999980926514,5.310999870300293,1.5672217732635119,4.080469075930367,4.827778207663002,1991
2010,6.618000030517578,5.754000186920166,1.6161285704670831,4.094971248856077,5.001871460050495,1992
2011,6.815000057220459,6.082000255584717,1.6650353676706402,4.093006184459939,5.149964689549819,1993
2012,6.888000011444092,6.247000217437744,1.7139421648742115,4.018805390641411,5.17405784656988,1994
2013,6.997999668121338,6.38700008392334,1.7628489620777827,3.969710292067871,5.235150706043555,1995
2014,7.214000225067139,6.5929999351501465,1.811755759281354,3.98177303320875,5.402244465785785,1996
2015,7.377999782562256,6.809000015258789,1.8606625564849253,3.9652540740651117,5.517337226077331,1997
