provcd,province_name,cpi_2010,cpi_2012,cpi_2014,cpi_2016,cpi_2018,cpi_2020,cpi_2022
11,Beijing,100.0,108.3,113.4,118.7,124.7,131.5,135.6
12,Tianjin,100.0,108.0,113.0,117.7,123.8,129.6,133.2
13,Hebei,100.0,108.6,113.3,118.0,124.4,130.2,134.0
14,Shanxi,100.0,108.4,113.5,117.6,123.4,128.7,132.1
15,InnerMongolia,100.0,108.2,113.0,117.2,123.2,128.8,132.4
21,Liaoning,100.0,108.3,113.3,117.6,123.4,129.0,132.5
22,Jilin,100.0,108.2,113.1,117.4,123.4,129.2,132.6
23,Heilongjiang,100.0,108.1,112.9,117.1,122.9,128.5,131.8
31,Shanghai,100.0,108.5,114.0,119.6,125.7,132.4,136.6
32,Jiangsu,100.0,108.3,113.5,118.4,124.6,130.7,134.8
33,Zhejiang,100.0,108.5,113.5,118.3,124.6,130.8,134.7
34,Anhui,100.0,108.5,113.5,118.2,124.5,130.5,134.2
35,Fujian,100.0,108.7,113.7,118.7,125.0,131.4,135.4
36,Jiangxi,100.0,108.3,113.0,117.5,124.0,130.0,133.7
37,Shandong,100.0,108.5,113.4,118.1,124.4,130.4,134.2
41,Henan,100.0,108.6,113.4,117.7,124.0,129.8,133.4
42,Hubei,100.0,108.5,113.4,118.0,124.4,130.6,134.5
43,Hunan,100.0,108.5,113.4,117.9,124.3,130.5,134.4
44,Guangdong,100.0,108.6,113.6,118.5,125.0,131.2,135.4
45,Guangxi,100.0,108.4,113.3,117.9,124.2,130.3,134.0
46,Hainan,100.0,108.8,113.9,118.7,125.2,131.6,135.4
50,Chongqing,100.0,108.4,113.4,118.2,124.6,130.7,134.5
51,Sichuan,100.0,108.5,113.4,118.0,124.4,130.5,134.3
52,Guizhou,100.0,108.4,113.2,117.8,124.1,130.0,133.6
53,Yunnan,100.0,108.3,113.1,117.5,123.7,129.6,133.1
54,Tibet,100.0,108.2,112.9,117.0,123.0,128.6,132.0
61,Shaanxi,100.0,108.5,113.3,117.9,124.3,130.4,134.1
62,Gansu,100.0,108.3,113.1,117.6,123.8,129.7,133.2
63,Qinghai,100.0,108.6,113.4,117.8,123.9,129.7,133.2
64,Ningxia,100.0,108.4,113.2,117.7,123.9,129.8,133.4
65,Xinjiang,100.0,108.3,113.1,117.6,123.8,129.6,133.1
