provcd,province_zh,province_en,cee_1997,cee_1998,cee_1999,cee_2000,cee_2002,int_log_1999_1998,int_log_2000_1998,int_log_2002_1998,int_pct_2000_1998,int_placebo_log_1998_1997,intensity_canonical
11,北京,Beijing,37869.0,50708.0,55371.0,68823.0,94157.0,0.08797230191678364,0.3054543023218272,0.6188799127052775,0.3572414609134653,0.29195085363764595,0.3054543023218272
12,天津,Tianjin,26464.0,32143.0,36803.0,44674.0,72989.0,0.13538466600762455,0.3291969793276904,0.8201140472790945,0.3898516006595527,0.19440937874239403,0.3291969793276904
13,河北,Hebei,144755.0,178492.0,194816.0,210838.0,336934.0,0.08751174107094173,0.16654628378778588,0.6353432831865898,0.18121820585796566,0.20950112411730193,0.16654628378778588
14,山西,Shanxi,87479.0,95719.0,102688.0,108418.0,212447.0,0.07027844907932983,0.1245773110328949,0.7972757296433624,0.13266958493089143,0.0900180512891567,0.1245773110328949
15,内蒙古,InnerMongolia,66674.0,72378.0,83216.0,106472.0,166457.0,0.1395372512194149,0.3859796539729533,0.8328346319965317,0.47105474039072637,0.08208731398093094,0.3859796539729533
21,辽宁,Liaoning,103327.0,122629.0,123125.0,138899.0,176098.0,0.004036562363000164,0.1245835131810831,0.3618771211249957,0.13267660993729047,0.17126482051907996,0.1245835131810831
22,吉林,Jilin,76667.0,85862.0,86866.0,84223.0,118866.0,0.011625345136996236,-0.019273313167097707,0.32525545196113925,-0.019088770352425954,0.11326998818738433,-0.019273313167097707
23,黑龙江,Heilongjiang,98429.0,106626.0,105639.0,111626.0,158923.0,-0.009299763158598146,0.04582661329176051,0.3990924237594203,0.04689287790970309,0.07999190834610861,0.04582661329176051
31,上海,Shanghai,45387.0,52040.0,72704.0,107895.0,118824.0,0.3343837500143269,0.7291458783431247,0.8256307530829271,1.0733089930822444,0.13678693321349691,0.7291458783431247
32,江苏,Jiangsu,168074.0,193963.0,213414.0,249406.0,366261.0,0.09556652199020921,0.25141467147096896,0.6356787747857975,0.28584317627588773,0.14326306061158148,0.25141467147096896
33,浙江,Zhejiang,110504.0,125393.0,146504.0,151111.0,268913.0,0.15559992656950877,0.1865618608303515,0.7629351019467993,0.20509916821513152,0.12640108587148,0.1865618608303515
34,安徽,Anhui,133372.0,153330.0,166347.0,183144.0,292083.0,0.08148350658846483,0.17768026720714392,0.6444455470049222,0.19444335746429275,0.1394502450502977,0.17768026720714392
35,福建,Fujian,68195.0,74690.0,83799.0,108963.0,204570.0,0.1150748598736369,0.37766216069284725,1.007564000831696,0.45886999598339795,0.09097496599013676,0.37766216069284725
36,江西,Jiangxi,112655.0,122894.0,123755.0,124766.0,205411.0,0.006981609471744291,0.015117787719252688,0.5136906549001491,0.01523263951047249,0.08699214404388891,0.015117787719252688
37,山东,Shandong,265272.0,296655.0,312735.0,350878.0,537761.0,0.05278633912403138,0.16786873725683485,0.594844376098574,0.1827813453338052,0.11181413276533406,0.16786873725683485
41,河南,Henan,211284.0,227136.0,235133.0,288194.0,478315.0,0.03460235447342171,0.23808490744889388,0.7447205542409296,0.2688169202592279,0.07234575699172384,0.23808490744889388
42,湖北,Hubei,124203.0,154248.0,166853.0,194376.0,331449.0,0.07855148852040211,0.23123273087770366,0.7649122548994428,0.2601524817177532,0.2166443729400618,0.23123273087770366
43,湖南,Hunan,150996.0,159523.0,165395.0,190166.0,299137.0,0.03614843993064532,0.1757092624751709,0.628713549975864,0.19209142255348755,0.05493476605811626,0.1757092624751709
44,广东,Guangdong,125565.0,150474.0,165488.0,204655.0,335658.0,0.09510837284589194,0.3075353228074004,0.8023024726624298,0.36006884910349957,0.1809667590094265,0.3075353228074004
45,广西,Guangxi,84868.0,90794.0,90901.0,98903.0,185465.0,0.00117779809427089,0.08554636771022352,0.7142729808712781,0.08931206907945466,0.06749609587789054,0.08554636771022352
46,海南,Hainan,16712.0,17648.0,16603.0,17529.0,29160.0,-0.06103906058549738,-0.00676581027073695,0.5021754446293107,-0.006742973708068867,0.05449543825688193,-0.00676581027073695
50,重庆,Chongqing,,39886.0,44655.0,64070.0,97772.0,0.11294089800481945,0.4739508505199004,0.8966128523499755,0.6063280348994635,,0.4739508505199004
51,四川,Sichuan,144934.0,124317.0,130300.0,167861.0,258810.0,0.04700472907675738,0.30030150092830127,0.7332594467025549,0.3502658526187086,-0.15344371133033075,0.30030150092830127
52,贵州,Guizhou,63714.0,66370.0,68258.0,65955.0,109121.0,0.028049496155179397,-0.00627245585695042,0.49721221111820096,-0.006252825071568435,0.04084082850807005,-0.00627245585695042
53,云南,Yunnan,75453.0,81767.0,74049.0,79039.0,119956.0,-0.09914670299517606,-0.03393233769115734,0.38325126964784817,-0.0333630926902051,0.08036379337406772,-0.03393233769115734
54,西藏,Tibet,2295.0,2523.0,3856.0,3234.0,9436.0,0.42418170708937847,0.24827109149599447,1.3190834918865078,0.28180737217598106,0.0947158261464123,0.24827109149599447
61,陕西,Shaanxi,119924.0,129881.0,133188.0,146634.0,244953.0,0.025143017337993387,0.12132103954421787,0.6344477087871638,0.12898730376267498,0.07976043781141154,0.12132103954421787
62,甘肃,Gansu,81931.0,84796.0,88622.0,96122.0,136140.0,0.04413176191169149,0.12536984610197072,0.4734353961457992,0.1335676211142034,0.034370942253454065,0.12536984610197072
63,青海,Qinghai,20980.0,22220.0,21840.0,23357.0,23716.0,-0.01724963333477968,0.04990394084385568,0.06515714163363738,0.051170117011701155,0.057423181243332906,0.04990394084385568
64,宁夏,Ningxia,22381.0,24571.0,25019.0,27795.0,41342.0,0.018068650468879194,0.12328926265986917,0.5203120466314807,0.13121159089984125,0.09335450110757139,0.12328926265986917
65,新疆,Xinjiang,52296.0,62521.0,66503.0,66797.0,93456.0,0.061744559119215316,0.0661556690474701,0.40198823699095665,0.06839301994529845,0.17858261399656852,0.0661556690474701
