provcd,employ2005,employ2010,college2005,college2010,predict_flow_nomig,pro_predict_growth,pro_growth,ratio_2005_enroll_pro,log_growth_implied
11.0,733.1636962890625,1036.450927734375,234.01104736328125,404.01861572265625,174.48329162597656,0.7456198930740356,0.45948195457458496,0.9641487002372742,0.5571097309631088
12.0,536.1054077148438,632.01806640625,83.88668823242188,136.088134765625,80.05347442626953,0.9543048739433289,0.5256257653236389,0.9792525172233582,0.6700345608309588
13.0,3501.388671875,4088.393798828125,212.13945865631104,314.1988763809204,78.84283375740051,0.37165567278862,0.3336623013019562,0.9504027962684631,0.31601853225675147
14.0,1565.5948028564453,1775.7051239013672,130.11462116241455,191.80862665176392,60.83458709716797,0.46754613518714905,0.3707598149776459,0.9750218987464905,0.38359170410501153
15.0,1152.7975826263428,1376.7924909591675,120.94493556022644,169.3908176422119,37.83245372772217,0.31280726194381714,0.23043154180049896,0.9857771992683411,0.27216778983609835
21.0,2171.515464782715,2412.790969848633,228.5828013420105,326.69562244415283,154.50774228572845,0.6759377121925354,0.35553842782974243,0.9545501470565796,0.5163728537737419
22.0,1277.9226379394531,1537.988868713379,113.70244097709656,162.4939088821411,83.08006918430328,0.7306797504425049,0.24764220416545868,0.9736623167991638,0.5485142404356909
23.0,1667.681622505188,2063.322183609009,166.35791420936584,212.0969114303589,83.83672219514847,0.5039539337158203,0.04188128188252449,0.9665148854255676,0.4080975835881427
31.0,911.3429565429688,1278.3902587890625,195.75930786132812,361.9126892089844,190.37290954589844,0.9724845886230469,0.5680223107337952,0.9703598618507385,0.679293959478118
32.0,4462.0426025390625,4655.938568115234,338.5492134094238,558.4526205062866,158.7449836730957,0.46889781951904297,0.6558535099029541,0.921522319316864,0.38451232828727916
33.0,2773.3797645568848,3303.3165588378906,181.95253086090088,382.18321895599365,86.56065893173218,0.47573208808898926,0.9732260704040527,0.9562547206878662,0.38915420312539567
34.0,3099.974838256836,3242.5531463623047,159.99128341674805,246.39800357818604,85.50134718418121,0.5344125628471375,0.5209653377532959,0.9630497694015503,0.4281475937607198
35.0,1824.5358581542969,2065.003463745117,123.93142366409302,206.63241577148438,50.39282989501953,0.4066186547279358,0.5745416283607483,0.9774295687675476,0.341188713547734
36.0,2150.9797973632812,2358.9579467773438,124.13951110839844,168.98090839385986,67.19043946266174,0.5412494540214539,0.2807295620441437,0.9639671444892883,0.4325934048030386
37.0,5564.089111328125,5885.082061767578,295.48458194732666,520.8890671730042,112.89204525947571,0.3820573091506958,0.7446869015693665,0.9148931503295898,0.3235731951692043
41.0,5001.8924560546875,5069.526580810547,274.0954737663269,344.8173370361328,95.33778738975525,0.34782692790031433,0.25867217779159546,0.9483640789985657,0.2984936146425364
42.0,3114.2201385498047,3329.4571228027344,195.49156260490417,304.53261613845825,138.16412448883057,0.706752359867096,0.5213944911956787,0.9342588782310486,0.5345923638298148
43.0,3434.3255004882812,3653.955093383789,199.1337375640869,287.12082529067993,100.48300170898438,0.5046005845069885,0.4011584222316742,0.9537864327430725,0.4085274750932217
44.0,5294.46565246582,6360.028717041016,392.25468730926514,663.118640422821,109.86544680595398,0.28008702397346497,0.5284205079078674,0.9417245388031006,0.2469280607056228
45.0,2555.4441986083984,2582.272232055664,141.88889241218567,190.15246868133545,52.5114483833313,0.37008851766586304,0.34903180599212646,0.9785257577896118,0.31487534156046243
51.0,5996.436550140381,6136.108375549316,303.9672520160675,487.89160919189453,174.93727588653564,0.5755135416984558,0.6128534078598022,0.9282812476158142,0.45458129012927756
52.0,1792.5656280517578,1748.2993774414062,80.93578481674194,124.51892137527466,35.41117739677429,0.43752187490463257,0.5898153185844421,0.9865915179252625,0.36292072015427285
53.0,2621.6677284240723,2744.7510528564453,101.83908468484879,179.77349615097046,41.76703184843063,0.410127729177475,0.7473527193069458,0.9851884245872498,0.3436802835175729
54.0,116.40507078170776,145.33244514465332,1.2088782340288162,10.394755184650421,1.0593087673187256,0.8762741684913635,7.427305698394775,0.9994145035743713,0.629287984269983
61.0,1919.9980163574219,2052.5242614746094,151.9623601436615,215.0652370452881,103.81225460767746,0.6831445097923279,0.37598752975463867,0.9573050737380981,0.5206637860155348
62.0,1377.9552059173584,1377.1168575286865,78.67906057834625,114.56579852104187,31.930592238903046,0.4058334231376648,0.4843812882900238,0.9854978322982788,0.34063030843590264
63.0,285.4569396972656,305.3465156555176,29.137575268745422,35.20468509197235,9.079789221286774,0.3116178810596466,0.1542961448431015,0.9977927803993225,0.27126139254530973
64.0,309.1860542297363,336.8984909057617,34.09772348403931,43.2833993434906,9.079789161682129,0.26628726720809937,0.20204423367977142,0.9969174265861511,0.23608919705139209
65.0,956.6890382766724,1145.5570945739746,120.8023247718811,157.17177724838257,29.055325746536255,0.24051959812641144,0.11862651258707047,0.9895445704460144,0.21553031685418542
