provcd,exports_10kusd,gdp_100m_rmb,expgdp
11,1196813,2478.76,0.3997
12,862578,1639.36,0.4356
13,371000,5088.96,0.0604
14,123687,1643.81,0.0623
15,97017,1401.01,0.0573
21,1085632,4669.06,0.1925
22,125683,1821.19,0.0571
23,145118,3253.0,0.0369
31,2535233,4551.15,0.4612
32,2576683,8582.73,0.2485
33,1944275,6036.34,0.2666
34,217198,3038.24,0.0592
35,1290607,3920.07,0.2726
36,119741,2003.07,0.0495
37,1552884,8542.44,0.1505
41,149578,5137.66,0.0241
42,193555,4276.32,0.0375
43,165271,3691.88,0.0371
44,9191770,9662.23,0.7875
45,148891,2050.14,0.0601
46,80289,518.48,0.1282
50,99566,1589.34,0.0519
51,139437,4010.25,0.0288
52,42056,993.53,0.035
53,117509,1955.09,0.0498
54,11334,117.46,0.0799
61,131005,1660.92,0.0653
62,41495,983.36,0.0349
63,11200,263.59,0.0352
64,32737,265.57,0.102
65,120413,1364.36,0.0731
